{"cameraMode":{"drawMode":0,"name":"Shaded","section":"Shading Mode"},"sceneLighting":true,"audioPlay":false,"sceneViewState":{"m_AlwaysRefresh":false,"showFog":true,"showSkybox":true,"showFlares":true,"showImageEffects":true,"showParticleSystems":true,"showVisualEffectGraphs":true,"m_FxEnabled":true},"in2DMode":false,"pivot":{"x":1.8823879957199097,"y":0.7457152605056763,"z":4.2059831619262699},"rotation":{"x":0.0048604863695800308,"y":-0.9651063680648804,"z":0.2611977756023407,"w":0.0179594736546278},"size":10.217938423156739,"orthographic":false}