{"cameraMode":{"drawMode":0,"name":"Shaded","section":"Shading Mode"},"sceneLighting":false,"audioPlay":false,"sceneViewState":{"m_AlwaysRefresh":false,"showFog":true,"showSkybox":false,"showFlares":true,"showImageEffects":true,"showParticleSystems":true,"showVisualEffectGraphs":true,"m_FxEnabled":true},"in2DMode":false,"pivot":{"x":72.06900024414063,"y":0.43000030517578127,"z":1.3250000476837159},"rotation":{"x":-0.10262221843004227,"y":0.7416999340057373,"z":-0.11665311455726624,"w":-0.6524904370307922},"size":0.9457213878631592,"orthographic":false}